File,Requests
pagecounts-20150525-050000.gz,439150
pagecounts-20150520-090000.gz,422393
pagecounts-20150504-140000.gz,869553
pagecounts-20150507-100000.gz,702622
pagecounts-20150505-080000.gz,779600
pagecounts-20150516-180000.gz,474586
pagecounts-20150520-120000.gz,374091
pagecounts-20150509-190000.gz,323331
pagecounts-20150514-020000.gz,591138
pagecounts-20150521-080000.gz,404454
pagecounts-20150507-220000.gz,300517
pagecounts-20150515-220000.gz,317459
pagecounts-20150525-160000.gz,479209
pagecounts-20150531-210000.gz,244483
pagecounts-20150517-010000.gz,397614
pagecounts-20150514-190000.gz,442015
pagecounts-20150530-180000.gz,376395
pagecounts-20150516-230000.gz,307547
pagecounts-20150512-220000.gz,331502
pagecounts-20150502-170000.gz,710148
pagecounts-20150527-090000.gz,424938
pagecounts-20150514-060000.gz,632534
pagecounts-20150511-160000.gz,714465
pagecounts-20150507-170000.gz,555715
pagecounts-20150521-070000.gz,402900
pagecounts-20150527-030000.gz,343944
pagecounts-20150529-080000.gz,401289
pagecounts-20150523-040000.gz,338287
pagecounts-20150509-100000.gz,616545
pagecounts-20150509-030000.gz,572711
pagecounts-20150508-220000.gz,300447
pagecounts-20150515-070000.gz,671318
pagecounts-20150527-120000.gz,376866
pagecounts-20150513-080000.gz,741692
pagecounts-20150521-110000.gz,352217
pagecounts-20150524-080000.gz,466104
pagecounts-20150522-020000.gz,331665
pagecounts-20150503-150000.gz,888581
pagecounts-20150524-070000.gz,435838
pagecounts-20150508-010000.gz,447925
pagecounts-20150520-180000.gz,346581
pagecounts-20150516-130000.gz,650813
pagecounts-20150518-120000.gz,577893
pagecounts-20150502-150000.gz,821108
pagecounts-20150520-070000.gz,366613
pagecounts-20150524-190000.gz,343769
pagecounts-20150510-200000.gz,339107
pagecounts-20150525-120000.gz,457914
pagecounts-20150528-020000.gz,323968
pagecounts-20150527-110000.gz,361937
pagecounts-20150506-200000.gz,328242
pagecounts-20150510-180000.gz,457371
pagecounts-20150519-230000.gz,195341
pagecounts-20150527-000000.gz,233260
pagecounts-20150502-220000.gz,412920
pagecounts-20150527-040000.gz,360895
pagecounts-20150506-110000.gz,620326
pagecounts-20150531-170000.gz,421789
pagecounts-20150505-120000.gz,738323
pagecounts-20150506-170000.gz,633328
pagecounts-20150526-170000.gz,386895
pagecounts-20150509-000000.gz,395563
pagecounts-20150504-040000.gz,818533
pagecounts-20150529-070000.gz,412591
pagecounts-20150527-180000.gz,321973
pagecounts-20150512-080000.gz,752849
pagecounts-20150516-010000.gz,460574
pagecounts-20150506-010000.gz,460198
pagecounts-20150530-130000.gz,381974
pagecounts-20150531-070000.gz,421176
pagecounts-20150507-000000.gz,392956
pagecounts-20150516-140000.gz,678826
pagecounts-20150525-100000.gz,474698
pagecounts-20150505-170000.gz,619621
pagecounts-20150504-100000.gz,734125
pagecounts-20150531-090000.gz,433439
pagecounts-20150524-100000.gz,502178
pagecounts-20150524-050000.gz,403783
pagecounts-20150502-060000.gz,709169
pagecounts-20150504-110000.gz,660506
pagecounts-20150522-180000.gz,351549
pagecounts-20150511-100000.gz,668100
pagecounts-20150506-180000.gz,479085
pagecounts-20150502-070000.gz,715988
pagecounts-20150509-050000.gz,619093
pagecounts-20150519-080000.gz,421663
pagecounts-20150523-050000.gz,341265
pagecounts-20150516-110000.gz,616626
pagecounts-20150510-230000.gz,365079
pagecounts-20150504-210000.gz,314248
pagecounts-20150508-090000.gz,815678
pagecounts-20150504-170000.gz,594387
pagecounts-20150529-140000.gz,437954
pagecounts-20150508-030000.gz,651287
pagecounts-20150508-180000.gz,493662
pagecounts-20150514-160000.gz,711129
pagecounts-20150502-020000.gz,604995
pagecounts-20150522-000000.gz,245326
pagecounts-20150529-220000.gz,203756
pagecounts-20150518-140000.gz,724586
pagecounts-20150512-180000.gz,425443
pagecounts-20150528-200000.gz,244066
pagecounts-20150522-010000.gz,258660
pagecounts-20150526-180000.gz,335442
pagecounts-20150519-090000.gz,465730
pagecounts-20150531-050000.gz,376899
pagecounts-20150525-230000.gz,267102
pagecounts-20150502-230000.gz,408945
pagecounts-20150514-220000.gz,390061
pagecounts-20150518-070000.gz,619961
pagecounts-20150503-100000.gz,738392
pagecounts-20150501-100000.gz,656201
pagecounts-20150511-170000.gz,553992
pagecounts-20150503-190000.gz,459123
pagecounts-20150520-170000.gz,379317
pagecounts-20150501-140000.gz,778935
pagecounts-20150513-150000.gz,771082
pagecounts-20150521-190000.gz,281060
pagecounts-20150512-230000.gz,317213
pagecounts-20150502-120000.gz,693230
pagecounts-20150516-150000.gz,657560
pagecounts-20150529-090000.gz,416036
pagecounts-20150516-000000.gz,345249
pagecounts-20150519-160000.gz,433228
pagecounts-20150526-220000.gz,187895
pagecounts-20150503-210000.gz,377327
pagecounts-20150501-060000.gz,880273
pagecounts-20150521-180000.gz,342866
pagecounts-20150518-010000.gz,485299
pagecounts-20150510-050000.gz,590407
pagecounts-20150515-140000.gz,670685
pagecounts-20150519-020000.gz,655639
pagecounts-20150523-110000.gz,392890
pagecounts-20150515-100000.gz,830432
pagecounts-20150526-000000.gz,294942
pagecounts-20150523-160000.gz,479185
pagecounts-20150530-060000.gz,370178
pagecounts-20150504-120000.gz,682313
pagecounts-20150508-210000.gz,329473
pagecounts-20150503-110000.gz,731226
pagecounts-20150527-190000.gz,273405
pagecounts-20150528-140000.gz,447478
pagecounts-20150526-030000.gz,430656
pagecounts-20150521-050000.gz,367624
pagecounts-20150509-040000.gz,596160
pagecounts-20150512-100000.gz,730015
pagecounts-20150531-200000.gz,255121
pagecounts-20150504-150000.gz,846620
pagecounts-20150524-120000.gz,477042
pagecounts-20150505-230000.gz,318166
pagecounts-20150513-190000.gz,411154
pagecounts-20150531-030000.gz,334076
pagecounts-20150531-110000.gz,402082
pagecounts-20150531-060000.gz,431193
pagecounts-20150517-100000.gz,629294
pagecounts-20150523-220000.gz,206006
pagecounts-20150512-110000.gz,623019
pagecounts-20150519-200000.gz,232427
pagecounts-20150530-120000.gz,369660
pagecounts-20150522-040000.gz,353696
pagecounts-20150530-070000.gz,359432
pagecounts-20150503-050000.gz,719964
pagecounts-20150529-060000.gz,386421
pagecounts-20150528-150000.gz,476506
pagecounts-20150521-010000.gz,282461
pagecounts-20150510-160000.gz,680637
pagecounts-20150528-080000.gz,393221
pagecounts-20150512-030000.gz,632906
pagecounts-20150516-060000.gz,680434
pagecounts-20150527-140000.gz,461077
pagecounts-20150505-090000.gz,818328
pagecounts-20150515-080000.gz,688216
pagecounts-20150526-120000.gz,395054
pagecounts-20150514-050000.gz,556037
pagecounts-20150514-080000.gz,709975
pagecounts-20150522-030000.gz,385854
pagecounts-20150520-040000.gz,372485
pagecounts-20150501-020000.gz,731994
pagecounts-20150531-080000.gz,434171
pagecounts-20150521-140000.gz,462108
pagecounts-20150508-170000.gz,583251
pagecounts-20150504-070000.gz,765380
pagecounts-20150525-170000.gz,424147
pagecounts-20150531-130000.gz,479779
pagecounts-20150518-050000.gz,546890
pagecounts-20150514-200000.gz,412710
pagecounts-20150516-200000.gz,351034
pagecounts-20150522-170000.gz,413421
pagecounts-20150505-070000.gz,711933
pagecounts-20150513-100000.gz,707416
pagecounts-20150511-120000.gz,629863
pagecounts-20150505-150000.gz,817212
pagecounts-20150506-140000.gz,819070
pagecounts-20150525-110000.gz,450122
pagecounts-20150503-140000.gz,849350
pagecounts-20150507-020000.gz,589449
pagecounts-20150504-030000.gz,750192
pagecounts-20150507-130000.gz,700616
pagecounts-20150509-130000.gz,684004
pagecounts-20150523-010000.gz,244817
pagecounts-20150528-100000.gz,414840
pagecounts-20150528-010000.gz,245433
pagecounts-20150515-190000.gz,656374
pagecounts-20150505-030000.gz,585440
pagecounts-20150501-150000.gz,833830
pagecounts-20150521-170000.gz,391927
pagecounts-20150530-150000.gz,465683
pagecounts-20150524-030000.gz,341743
pagecounts-20150524-150000.gz,563300
pagecounts-20150507-150000.gz,760326
pagecounts-20150512-130000.gz,724113
pagecounts-20150528-060000.gz,366790
pagecounts-20150511-210000.gz,343202
pagecounts-20150518-060000.gz,601148
pagecounts-20150516-090000.gz,711486
pagecounts-20150509-090000.gz,668218
pagecounts-20150510-100000.gz,712461
pagecounts-20150517-160000.gz,662089
pagecounts-20150519-210000.gz,206468
pagecounts-20150526-080000.gz,407796
pagecounts-20150518-000000.gz,354101
pagecounts-20150501-220000.gz,501736
pagecounts-20150522-110000.gz,329932
pagecounts-20150522-060000.gz,348140
pagecounts-20150528-110000.gz,356663
pagecounts-20150531-120000.gz,421984
pagecounts-20150510-210000.gz,331082
pagecounts-20150503-000000.gz,397346
pagecounts-20150525-150000.gz,553893
pagecounts-20150508-140000.gz,687834
pagecounts-20150508-160000.gz,678106
pagecounts-20150505-110000.gz,740230
pagecounts-20150508-120000.gz,562892
pagecounts-20150523-120000.gz,402556
pagecounts-20150520-160000.gz,423626
pagecounts-20150507-080000.gz,789084
pagecounts-20150523-150000.gz,464268
pagecounts-20150504-080000.gz,830233
pagecounts-20150531-190000.gz,301050
pagecounts-20150525-000000.gz,253764
pagecounts-20150528-180000.gz,315700
pagecounts-20150512-070000.gz,711195
pagecounts-20150505-190000.gz,498033
pagecounts-20150524-110000.gz,468922
pagecounts-20150513-000000.gz,367061
pagecounts-20150524-210000.gz,272356
pagecounts-20150502-160000.gz,826216
pagecounts-20150518-170000.gz,504591
pagecounts-20150518-160000.gz,623353
pagecounts-20150510-170000.gz,537563
pagecounts-20150501-160000.gz,800918
pagecounts-20150509-140000.gz,738721
pagecounts-20150509-020000.gz,495330
pagecounts-20150530-210000.gz,233210
pagecounts-20150527-210000.gz,233111
pagecounts-20150526-110000.gz,383246
pagecounts-20150520-130000.gz,455300
pagecounts-20150519-070000.gz,573975
pagecounts-20150531-000000.gz,229231
pagecounts-20150527-100000.gz,410033
pagecounts-20150502-190000.gz,475615
pagecounts-20150510-150000.gz,756924
pagecounts-20150527-170000.gz,380521
pagecounts-20150511-050000.gz,648362
pagecounts-20150506-210000.gz,308103
pagecounts-20150517-120000.gz,596642
pagecounts-20150515-180000.gz,535065
pagecounts-20150506-060000.gz,631009
pagecounts-20150508-040000.gz,634020
pagecounts-20150502-000000.gz,482125
pagecounts-20150510-080000.gz,717172
pagecounts-20150504-230000.gz,276693
pagecounts-20150512-020000.gz,606680
pagecounts-20150510-000000.gz,364684
pagecounts-20150529-190000.gz,274423
pagecounts-20150504-020000.gz,642317
pagecounts-20150504-200000.gz,349085
pagecounts-20150516-050000.gz,606235
pagecounts-20150521-230000.gz,188677
pagecounts-20150519-030000.gz,683562
pagecounts-20150525-200000.gz,232010
pagecounts-20150517-170000.gz,514234
pagecounts-20150519-150000.gz,495727
pagecounts-20150528-030000.gz,358103
pagecounts-20150526-230000.gz,197321
pagecounts-20150501-010000.gz,670524
pagecounts-20150517-130000.gz,695210
pagecounts-20150509-230000.gz,318729
pagecounts-20150512-150000.gz,739883
pagecounts-20150521-000000.gz,247476
pagecounts-20150509-010000.gz,423169
pagecounts-20150525-080000.gz,459689
pagecounts-20150528-130000.gz,415583
pagecounts-20150526-100000.gz,413173
pagecounts-20150515-130000.gz,634737
pagecounts-20150502-030000.gz,644557
pagecounts-20150510-190000.gz,384661
pagecounts-20150531-150000.gz,538441
pagecounts-20150513-160000.gz,716133
pagecounts-20150512-200000.gz,342157
pagecounts-20150519-140000.gz,475891
pagecounts-20150524-230000.gz,258758
pagecounts-20150521-090000.gz,427261
pagecounts-20150510-090000.gz,707477
pagecounts-20150505-200000.gz,411745
pagecounts-20150506-000000.gz,380772
pagecounts-20150504-090000.gz,828999
pagecounts-20150529-150000.gz,443215
pagecounts-20150526-060000.gz,360729
pagecounts-20150520-190000.gz,276709
pagecounts-20150520-080000.gz,391848
pagecounts-20150509-210000.gz,261361
pagecounts-20150524-040000.gz,413362
pagecounts-20150505-220000.gz,361111
pagecounts-20150518-100000.gz,627306
pagecounts-20150507-210000.gz,347481
pagecounts-20150529-200000.gz,256937
pagecounts-20150501-190000.gz,493784
pagecounts-20150502-200000.gz,425072
pagecounts-20150503-200000.gz,396455
pagecounts-20150508-150000.gz,730781
pagecounts-20150524-220000.gz,288094
pagecounts-20150503-230000.gz,359800
pagecounts-20150517-150000.gz,751736
pagecounts-20150505-160000.gz,730163
pagecounts-20150527-050000.gz,349926
pagecounts-20150517-110000.gz,597571
pagecounts-20150515-010000.gz,505121
pagecounts-20150519-060000.gz,664694
pagecounts-20150512-160000.gz,679270
pagecounts-20150520-150000.gz,467795
pagecounts-20150531-230000.gz,209664
pagecounts-20150501-090000.gz,759599
pagecounts-20150521-030000.gz,386364
pagecounts-20150517-090000.gz,650671
pagecounts-20150513-220000.gz,416581
pagecounts-20150501-080000.gz,721147
pagecounts-20150531-160000.gz,503921
pagecounts-20150516-100000.gz,658641
pagecounts-20150524-130000.gz,515933
pagecounts-20150523-130000.gz,437532
pagecounts-20150522-160000.gz,434006
pagecounts-20150522-150000.gz,460285
pagecounts-20150523-070000.gz,385491
pagecounts-20150525-020000.gz,398043
pagecounts-20150505-020000.gz,553469
pagecounts-20150530-090000.gz,365804
pagecounts-20150513-230000.gz,376797
pagecounts-20150520-200000.gz,243971
pagecounts-20150507-160000.gz,671462
pagecounts-20150509-120000.gz,628120
pagecounts-20150528-000000.gz,207741
pagecounts-20150514-120000.gz,624063
pagecounts-20150517-020000.gz,447739
pagecounts-20150515-120000.gz,572051
pagecounts-20150528-210000.gz,243573
pagecounts-20150517-040000.gz,611792
pagecounts-20150501-120000.gz,695892
pagecounts-20150514-030000.gz,654621
pagecounts-20150504-160000.gz,750794
pagecounts-20150529-110000.gz,347316
pagecounts-20150506-030000.gz,666951
pagecounts-20150526-070000.gz,386929
pagecounts-20150528-190000.gz,274866
pagecounts-20150531-220000.gz,215798
pagecounts-20150525-140000.gz,534823
pagecounts-20150511-000000.gz,413422
pagecounts-20150510-140000.gz,763467
pagecounts-20150525-030000.gz,442489
pagecounts-20150504-130000.gz,803015
pagecounts-20150512-170000.gz,542927
pagecounts-20150530-010000.gz,290944
pagecounts-20150524-140000.gz,531464
pagecounts-20150506-020000.gz,569418
pagecounts-20150524-060000.gz,402648
pagecounts-20150515-170000.gz,623305
pagecounts-20150506-150000.gz,829104
pagecounts-20150511-070000.gz,743099
pagecounts-20150511-150000.gz,751294
pagecounts-20150531-180000.gz,363764
pagecounts-20150515-160000.gz,849418
pagecounts-20150525-220000.gz,253430
pagecounts-20150501-170000.gz,729034
pagecounts-20150518-110000.gz,545596
pagecounts-20150527-010000.gz,230271
pagecounts-20150514-210000.gz,395259
pagecounts-20150521-040000.gz,416789
pagecounts-20150511-010000.gz,487779
pagecounts-20150517-220000.gz,301196
pagecounts-20150530-020000.gz,311718
pagecounts-20150529-100000.gz,384540
pagecounts-20150529-130000.gz,386634
pagecounts-20150523-000000.gz,232776
pagecounts-20150522-210000.gz,241559
pagecounts-20150511-110000.gz,602554
pagecounts-20150523-190000.gz,271113
pagecounts-20150522-190000.gz,296942
pagecounts-20150507-090000.gz,790095
pagecounts-20150522-080000.gz,381610
pagecounts-20150529-230000.gz,239698
pagecounts-20150526-150000.gz,514876
pagecounts-20150515-040000.gz,635619
pagecounts-20150505-010000.gz,418008
pagecounts-20150502-090000.gz,761661
pagecounts-20150525-070000.gz,443911
pagecounts-20150516-210000.gz,326649
pagecounts-20150513-120000.gz,634927
pagecounts-20150513-180000.gz,464838
pagecounts-20150517-080000.gz,636207
pagecounts-20150513-130000.gz,708923
pagecounts-20150527-060000.gz,373578
pagecounts-20150506-130000.gz,716444
pagecounts-20150525-180000.gz,334357
pagecounts-20150512-060000.gz,661053
pagecounts-20150518-150000.gz,729751
pagecounts-20150524-010000.gz,258739
pagecounts-20150503-010000.gz,470607
pagecounts-20150518-130000.gz,667875
pagecounts-20150511-220000.gz,352906
pagecounts-20150505-050000.gz,586356
pagecounts-20150506-100000.gz,786898
pagecounts-20150515-030000.gz,619453
pagecounts-20150521-200000.gz,233044
pagecounts-20150503-160000.gz,771543
pagecounts-20150518-210000.gz,285197
pagecounts-20150504-180000.gz,476099
pagecounts-20150514-170000.gz,603447
pagecounts-20150519-120000.gz,389818
pagecounts-20150509-180000.gz,402408
pagecounts-20150520-230000.gz,195189
pagecounts-20150525-090000.gz,479474
pagecounts-20150526-020000.gz,420924
pagecounts-20150521-210000.gz,200289
pagecounts-20150507-040000.gz,702183
pagecounts-20150503-170000.gz,659855
pagecounts-20150509-150000.gz,766534
pagecounts-20150522-070000.gz,383400
pagecounts-20150503-030000.gz,675248
pagecounts-20150504-050000.gz,708589
pagecounts-20150523-020000.gz,283189
pagecounts-20150507-050000.gz,652575
pagecounts-20150512-210000.gz,328912
pagecounts-20150508-070000.gz,679931
pagecounts-20150511-180000.gz,454972
pagecounts-20150515-050000.gz,593105
pagecounts-20150523-030000.gz,306205
pagecounts-20150514-110000.gz,608605
pagecounts-20150516-070000.gz,782336
pagecounts-20150515-000000.gz,441403
pagecounts-20150504-190000.gz,369424
pagecounts-20150520-100000.gz,391951
pagecounts-20150502-050000.gz,713076
pagecounts-20150503-130000.gz,815103
pagecounts-20150528-220000.gz,213104
pagecounts-20150529-010000.gz,295789
pagecounts-20150513-040000.gz,645791
pagecounts-20150512-000000.gz,408962
pagecounts-20150515-020000.gz,578486
pagecounts-20150526-010000.gz,323401
pagecounts-20150502-210000.gz,414778
pagecounts-20150511-200000.gz,379676
pagecounts-20150525-130000.gz,496487
pagecounts-20150523-140000.gz,462464
pagecounts-20150531-010000.gz,227592
pagecounts-20150530-140000.gz,442099
pagecounts-20150509-070000.gz,678268
pagecounts-20150516-040000.gz,631212
pagecounts-20150529-210000.gz,212586
pagecounts-20150520-000000.gz,235981
pagecounts-20150514-040000.gz,655384
pagecounts-20150529-040000.gz,380277
pagecounts-20150503-040000.gz,711363
pagecounts-20150528-160000.gz,423296
pagecounts-20150527-160000.gz,449089
pagecounts-20150528-050000.gz,338444
pagecounts-20150508-020000.gz,562310
pagecounts-20150518-030000.gz,653717
pagecounts-20150507-030000.gz,616313
pagecounts-20150522-220000.gz,245166
pagecounts-20150511-080000.gz,740147
pagecounts-20150505-130000.gz,807204
pagecounts-20150517-060000.gz,649851
pagecounts-20150519-010000.gz,607487
pagecounts-20150503-090000.gz,762454
pagecounts-20150521-020000.gz,340353
pagecounts-20150509-220000.gz,323250
pagecounts-20150510-110000.gz,656283
pagecounts-20150519-100000.gz,417205
pagecounts-20150510-130000.gz,718856
pagecounts-20150519-190000.gz,255795
pagecounts-20150507-110000.gz,599467
pagecounts-20150514-010000.gz,483610
pagecounts-20150501-030000.gz,722928
pagecounts-20150508-110000.gz,600171
pagecounts-20150516-160000.gz,640928
pagecounts-20150508-230000.gz,332505
pagecounts-20150527-020000.gz,308940
pagecounts-20150517-230000.gz,286908
pagecounts-20150505-000000.gz,346673
pagecounts-20150513-020000.gz,578562
pagecounts-20150507-230000.gz,309735
pagecounts-20150530-170000.gz,421661
pagecounts-20150516-190000.gz,378994
pagecounts-20150505-140000.gz,808061
pagecounts-20150506-190000.gz,404386
pagecounts-20150504-010000.gz,488230
pagecounts-20150531-140000.gz,522560
pagecounts-20150520-220000.gz,197011
pagecounts-20150528-090000.gz,410751
pagecounts-20150527-070000.gz,407564
pagecounts-20150516-030000.gz,596858
pagecounts-20150507-010000.gz,445655
pagecounts-20150508-080000.gz,800480
pagecounts-20150514-130000.gz,690351
pagecounts-20150502-100000.gz,706253
pagecounts-20150507-200000.gz,392411
pagecounts-20150507-070000.gz,748326
pagecounts-20150506-050000.gz,611665
pagecounts-20150519-110000.gz,408769
pagecounts-20150514-100000.gz,691433
pagecounts-20150510-220000.gz,316566
pagecounts-20150510-030000.gz,585325
pagecounts-20150509-110000.gz,591291
pagecounts-20150523-080000.gz,405208
pagecounts-20150514-150000.gz,775039
pagecounts-20150523-210000.gz,211426
pagecounts-20150518-220000.gz,283068
pagecounts-20150514-180000.gz,520357
pagecounts-20150527-200000.gz,223385
pagecounts-20150526-200000.gz,240447
pagecounts-20150524-090000.gz,455708
pagecounts-20150506-230000.gz,352767
pagecounts-20150524-200000.gz,309833
pagecounts-20150530-050000.gz,355012
pagecounts-20150526-190000.gz,279311
pagecounts-20150525-190000.gz,285627
pagecounts-20150517-180000.gz,438851
pagecounts-20150512-090000.gz,767747
pagecounts-20150514-140000.gz,719483
pagecounts-20150517-200000.gz,344975
pagecounts-20150521-220000.gz,180826
pagecounts-20150506-080000.gz,751717
pagecounts-20150512-120000.gz,640932
pagecounts-20150506-160000.gz,724748
pagecounts-20150522-200000.gz,263104
pagecounts-20150502-180000.gz,633451
pagecounts-20150530-080000.gz,365922
pagecounts-20150520-110000.gz,381266
pagecounts-20150528-070000.gz,392315
pagecounts-20150530-200000.gz,271423
pagecounts-20150511-020000.gz,563322
pagecounts-20150519-220000.gz,193636
pagecounts-20150515-230000.gz,315858
pagecounts-20150524-000000.gz,282971
pagecounts-20150504-060000.gz,735722
pagecounts-20150503-180000.gz,511676
pagecounts-20150512-140000.gz,732682
pagecounts-20150519-130000.gz,445711
pagecounts-20150529-120000.gz,333922
pagecounts-20150523-180000.gz,354862
pagecounts-20150501-070000.gz,712719
pagecounts-20150501-110000.gz,646666
pagecounts-20150515-210000.gz,334262
pagecounts-20150526-090000.gz,440047
pagecounts-20150518-190000.gz,352488
pagecounts-20150512-050000.gz,595738
pagecounts-20150511-040000.gz,667511
pagecounts-20150513-050000.gz,579274
pagecounts-20150520-030000.gz,363695
pagecounts-20150507-140000.gz,740424
pagecounts-20150529-180000.gz,329720
pagecounts-20150506-090000.gz,825612
pagecounts-20150510-040000.gz,616082
pagecounts-20150526-210000.gz,220824
pagecounts-20150513-140000.gz,765945
pagecounts-20150503-020000.gz,648923
pagecounts-20150519-050000.gz,621395
pagecounts-20150523-090000.gz,415001
pagecounts-20150522-050000.gz,328662
pagecounts-20150518-230000.gz,307283
pagecounts-20150515-200000.gz,417014
pagecounts-20150511-060000.gz,699540
pagecounts-20150515-060000.gz,695002
pagecounts-20150522-130000.gz,399171
pagecounts-20150501-230000.gz,438210
pagecounts-20150516-170000.gz,555046
pagecounts-20150512-190000.gz,396222
pagecounts-20150521-160000.gz,433089
pagecounts-20150522-090000.gz,391377
pagecounts-20150518-200000.gz,329760
pagecounts-20150530-230000.gz,213633
pagecounts-20150515-110000.gz,581250
pagecounts-20150530-190000.gz,289103
pagecounts-20150529-170000.gz,400206
pagecounts-20150505-100000.gz,838336
pagecounts-20150505-060000.gz,652620
pagecounts-20150531-040000.gz,364864
pagecounts-20150516-220000.gz,304248
pagecounts-20150508-100000.gz,760796
pagecounts-20150511-030000.gz,620294
pagecounts-20150501-040000.gz,687416
pagecounts-20150521-150000.gz,490061
pagecounts-20150509-160000.gz,711833
pagecounts-20150517-210000.gz,298214
pagecounts-20150509-080000.gz,664391
pagecounts-20150526-050000.gz,360236
pagecounts-20150520-140000.gz,500630
pagecounts-20150526-130000.gz,462825
pagecounts-20150522-140000.gz,451610
pagecounts-20150502-010000.gz,505200
pagecounts-20150506-220000.gz,311891
pagecounts-20150522-100000.gz,390764
pagecounts-20150528-120000.gz,380223
pagecounts-20150528-040000.gz,361396
pagecounts-20150523-230000.gz,176861
pagecounts-20150528-230000.gz,200912
pagecounts-20150507-180000.gz,464023
pagecounts-20150505-180000.gz,524407
pagecounts-20150517-030000.gz,567199
pagecounts-20150502-080000.gz,739212
pagecounts-20150514-090000.gz,752995
pagecounts-20150509-170000.gz,582012
pagecounts-20150508-200000.gz,340021
pagecounts-20150527-230000.gz,211707
pagecounts-20150520-060000.gz,373328
pagecounts-20150516-020000.gz,477998
pagecounts-20150523-060000.gz,389055
pagecounts-20150509-200000.gz,301359
pagecounts-20150517-070000.gz,611920
pagecounts-20150503-060000.gz,783866
pagecounts-20150521-130000.gz,409829
pagecounts-20150520-010000.gz,254666
pagecounts-20150514-230000.gz,424805
pagecounts-20150521-120000.gz,360721
pagecounts-20150517-000000.gz,354324
pagecounts-20150526-040000.gz,418946
pagecounts-20150524-180000.gz,403884
pagecounts-20150511-090000.gz,738864
pagecounts-20150531-100000.gz,409272
pagecounts-20150507-060000.gz,710008
pagecounts-20150524-170000.gz,434947
pagecounts-20150530-160000.gz,477158
pagecounts-20150512-040000.gz,691259
pagecounts-20150518-080000.gz,646358
pagecounts-20150523-100000.gz,410106
pagecounts-20150502-040000.gz,671001
pagecounts-20150511-190000.gz,427705
pagecounts-20150517-140000.gz,738142
pagecounts-20150510-010000.gz,393754
pagecounts-20150519-180000.gz,303053
pagecounts-20150511-140000.gz,736540
pagecounts-20150503-220000.gz,347181
pagecounts-20150513-060000.gz,581672
pagecounts-20150530-000000.gz,263806
pagecounts-20150520-050000.gz,344545
pagecounts-20150529-160000.gz,423241
pagecounts-20150502-110000.gz,632209
pagecounts-20150508-130000.gz,652513
pagecounts-20150513-210000.gz,326979
pagecounts-20150527-130000.gz,428212
pagecounts-20150525-210000.gz,244135
pagecounts-20150518-040000.gz,621498
pagecounts-20150518-180000.gz,415693
pagecounts-20150506-070000.gz,641690
pagecounts-20150531-020000.gz,261667
pagecounts-20150523-200000.gz,251193
pagecounts-20150523-170000.gz,427892
pagecounts-20150501-180000.gz,630961
pagecounts-20150521-100000.gz,385118
pagecounts-20150510-060000.gz,662726
pagecounts-20150507-190000.gz,428624
pagecounts-20150530-100000.gz,362047
pagecounts-20150510-020000.gz,516347
pagecounts-20150513-090000.gz,731325
pagecounts-20150515-150000.gz,731913
pagecounts-20150529-000000.gz,209723
pagecounts-20150511-230000.gz,380158
pagecounts-20150520-210000.gz,212941
pagecounts-20150512-010000.gz,512457
pagecounts-20150513-200000.gz,365670
pagecounts-20150530-220000.gz,234729
pagecounts-20150530-110000.gz,373493
pagecounts-20150505-210000.gz,400496
pagecounts-20150527-080000.gz,428345
pagecounts-20150522-230000.gz,214608
pagecounts-20150517-190000.gz,364061
pagecounts-20150527-220000.gz,222409
pagecounts-20150501-050000.gz,745407
pagecounts-20150504-220000.gz,302229
pagecounts-20150510-120000.gz,649705
pagecounts-20150515-090000.gz,867009
pagecounts-20150508-060000.gz,621547
pagecounts-20150525-040000.gz,460439
pagecounts-20150519-000000.gz,469758
pagecounts-20150513-030000.gz,635255
pagecounts-20150506-040000.gz,626846
pagecounts-20150526-160000.gz,469079
pagecounts-20150513-110000.gz,625922
pagecounts-20150526-140000.gz,489957
pagecounts-20150514-070000.gz,679420
pagecounts-20150513-010000.gz,446454
pagecounts-20150525-010000.gz,302225
pagecounts-20150530-030000.gz,377988
pagecounts-20150521-060000.gz,381860
pagecounts-20150529-020000.gz,325593
pagecounts-20150503-120000.gz,742836
pagecounts-20150501-200000.gz,518446
pagecounts-20150513-170000.gz,574117
pagecounts-20150530-040000.gz,355482
pagecounts-20150506-120000.gz,687459
pagecounts-20150524-160000.gz,515281
pagecounts-20150508-190000.gz,408558
pagecounts-20150508-000000.gz,325684
pagecounts-20150525-060000.gz,418325
pagecounts-20150502-140000.gz,836851
pagecounts-20150511-130000.gz,660920
pagecounts-20150518-090000.gz,684450
pagecounts-20150513-070000.gz,703022
pagecounts-20150507-120000.gz,656350
pagecounts-20150516-120000.gz,586231
pagecounts-20150518-020000.gz,598686
pagecounts-20150510-070000.gz,691798
pagecounts-20150508-050000.gz,575053
pagecounts-20150501-130000.gz,783318
pagecounts-20150503-070000.gz,769638
pagecounts-20150528-170000.gz,350979
pagecounts-20150502-130000.gz,756800
pagecounts-20150505-040000.gz,608338
pagecounts-20150529-030000.gz,355716
pagecounts-20150514-000000.gz,363546
pagecounts-20150519-040000.gz,684058
pagecounts-20150529-050000.gz,349987
pagecounts-20150520-020000.gz,317895
pagecounts-20150517-050000.gz,588311
pagecounts-20150524-020000.gz,290745
pagecounts-20150522-120000.gz,339160
pagecounts-20150519-170000.gz,389781
pagecounts-20150504-000000.gz,421738
